model,router_mode,metric,n_seeds,mean,std,ci95_low,ci95_high,ci95_low_display,ci95_high_display
maze_moe,colored_only,activation_time_mae_normalized,3,0.20538982659578323,0.11341196317089788,-0.07636384679059474,0.4871434999821612,0.0,0.4871434999821612
maze_moe,colored_only,endpoint_iou,3,0.5607725477218628,0.135697132322108,0.2236549771341934,0.8978901183095322,0.2236549771341934,0.8978901183095322
maze_moe,colored_only,endpoint_mse,3,0.10453807055950165,0.04469421747862678,-0.006497481613746706,0.21557362273275,0.0,0.21557362273275
maze_moe,colored_only,future_path_activation_rate_at_0_1,3,0.2906699244181315,0.061736384591592045,0.13729586533351854,0.44404398350274443,0.13729586533351854,0.44404398350274443
maze_moe,colored_only,future_path_activation_rate_at_0_5,3,0.1000951772990326,0.0707619666980793,-0.07570148026508267,0.2758918348631479,0.0,0.2758918348631479
maze_moe,colored_only,future_path_mean_intensity,3,0.131039313574632,0.04718876552199224,0.013806460384753569,0.24827216676451047,0.013806460384753569,0.24827216676451047
maze_moe,colored_only,goal_reached,3,0.5333333333333333,0.21523727217499608,-0.001388845786217674,1.0680555124528843,0.0,1.0
maze_moe,colored_only,intermediate_prefix_iou,3,0.5591178925832113,0.24014351577002777,-0.03747981912527587,1.1557156042916985,0.0,1.0
maze_moe,colored_only,missed_path_activation_rate,3,0.27976450681686404,0.17241070527952004,-0.1485619958329567,0.7080910094666847,0.0,0.7080910094666847
maze_moe,colored_only,monotonicity_violation_rate,3,0.00523510312581493,0.006142574995996683,-0.010025130634228881,0.020495336885858743,0.0,0.020495336885858743
maze_moe,colored_only,obstacle_violation_rate,3,0.020530895916648056,0.035112166129122456,-0.06669959997491413,0.10776139180821025,0.0,0.10776139180821025
maze_moe,colored_only,off_path_activation_rate_at_0_1,3,0.18887058893839517,0.033377681946062825,0.10594913837453986,0.2717920395022505,0.10594913837453986,0.2717920395022505
maze_moe,colored_only,path_precision,3,0.715377254486084,0.13007193304652273,0.3922345813881816,1.0385199275839863,0.3922345813881816,1.0
maze_moe,colored_only,path_recall,3,0.7202021137873332,0.1724247619730565,0.29184068955667725,1.1485635380179893,0.29184068955667725,1.0
maze_moe,colored_only,premature_activation_rate,3,0.13893143713474274,0.11007052412658923,-0.1345209715630771,0.4123838458325626,0.0,0.4123838458325626
maze_moe,colored_only,router_entropy,3,0.0,0.0,0.0,0.0,0.0,0.0
maze_moe,colored_only,router_tetris_weight,3,0.0,0.0,0.0,0.0,0.0,0.0
maze_moe,colored_only,router_tetris_weight_on_path,3,0.0,0.0,0.0,0.0,0.0,0.0
maze_moe,colored_only,router_tetris_weight_on_walls,3,0.0,0.0,0.0,0.0,0.0,0.0
maze_moe,colored_only,trajectory_mse,3,0.04776379396518071,0.027756224586495064,-0.02119205529384212,0.11671964322420354,0.0,0.11671964322420354
maze_moe,learned,activation_time_mae_normalized,3,0.06870006144046784,0.0021381262470758005,0.06338823271063923,0.07401189017029641,0.06338823271063923,0.07401189017029641
maze_moe,learned,endpoint_iou,3,0.978597092628479,0.005334933398719102,0.9653433137471829,0.991850871509775,0.9653433137471829,0.991850871509775
maze_moe,learned,endpoint_mse,3,0.00548229633209606,0.0013101762865250955,0.002227375323843076,0.008737217340349044,0.002227375323843076,0.008737217340349044
maze_moe,learned,future_path_activation_rate_at_0_1,3,0.398692505757014,0.04288244546375132,0.29215800802509095,0.5052270034889369,0.29215800802509095,0.5052270034889369
maze_moe,learned,future_path_activation_rate_at_0_5,3,0.15880188594261804,0.020552813740740902,0.10774174547795028,0.2098620264072858,0.10774174547795028,0.2098620264072858
maze_moe,learned,future_path_mean_intensity,3,0.18940762241681416,0.02090991808882836,0.1374603139758345,0.2413549308577939,0.1374603139758345,0.2413549308577939
maze_moe,learned,goal_reached,3,1.0,0.0,1.0,1.0,1.0,1.0
maze_moe,learned,intermediate_prefix_iou,3,0.8376957750320434,0.0029957990483328602,0.8302531969918125,0.8451383530722743,0.8302531969918125,0.8451383530722743
maze_moe,learned,missed_path_activation_rate,3,0.007200449993057798,0.003395106258487888,-0.0012341422062200702,0.015635042192335667,0.0,0.015635042192335667
maze_moe,learned,monotonicity_violation_rate,3,0.0010828400130655307,0.0007525817677633429,-0.0007868276274761788,0.0029525076536072396,0.0,0.0029525076536072396
maze_moe,learned,obstacle_violation_rate,3,0.0,0.0,0.0,0.0,0.0,0.0
maze_moe,learned,off_path_activation_rate_at_0_1,3,0.016674222809573015,0.0037006959941754767,0.007480442353855154,0.02586800326529087,0.007480442353855154,0.02586800326529087
maze_moe,learned,path_precision,3,0.9855287424723308,0.003246637440434848,0.9774629970304867,0.9935944879141749,0.9774629970304867,0.9935944879141749
maze_moe,learned,path_recall,3,0.9926724894841512,0.0034058154995881174,0.9842112919080259,1.0011336870602765,0.9842112919080259,1.0
maze_moe,learned,premature_activation_rate,3,0.34287992437680564,0.038434702410931366,0.2473951246518063,0.438364724101805,0.2473951246518063,0.438364724101805
maze_moe,learned,router_entropy,3,0.6828075051307678,0.011961152453406404,0.6530919570751944,0.7125230531863412,0.6530919570751944,0.6931471805599453
maze_moe,learned,router_tetris_weight,3,0.5284653973579407,0.06405408930886851,0.3693333758885874,0.6875974188272939,0.3693333758885874,0.6875974188272939
maze_moe,learned,router_tetris_weight_on_path,3,0.5350324773788452,0.06035487249941078,0.38509056157009836,0.684974393187592,0.38509056157009836,0.684974393187592
maze_moe,learned,router_tetris_weight_on_walls,3,0.5258855183919271,0.06608032892513827,0.3617196324246572,0.690051404359197,0.3617196324246572,0.690051404359197
maze_moe,learned,trajectory_mse,3,0.009436577185988426,0.000754780527347133,0.00756144708300179,0.011311707288975062,0.00756144708300179,0.011311707288975062
maze_moe,tetris_only,activation_time_mae_normalized,3,0.280498036245505,0.17168373478293786,-0.14602242582333302,0.707018498314343,0.0,0.707018498314343
maze_moe,tetris_only,endpoint_iou,3,0.5741167652606964,0.2744975001443306,-0.10782786243700127,1.2560613929583941,0.0,1.0
maze_moe,tetris_only,endpoint_mse,3,0.08981993980705738,0.058671120681220934,-0.05593896702642717,0.23557884664054193,0.0,0.23557884664054193
maze_moe,tetris_only,future_path_activation_rate_at_0_1,3,0.3257704722881317,0.03344387500410785,0.2426845757810494,0.40885636879521403,0.2426845757810494,0.40885636879521403
maze_moe,tetris_only,future_path_activation_rate_at_0_5,3,0.10892549832661946,0.027389554121035626,0.040880582514801075,0.17697041413843784,0.040880582514801075,0.17697041413843784
maze_moe,tetris_only,future_path_mean_intensity,3,0.14784807483355206,0.022058176147605833,0.09304810502413671,0.20264804464296735,0.09304810502413671,0.20264804464296735
maze_moe,tetris_only,goal_reached,3,0.8033333333333333,0.3406366588218792,-0.042923333333333424,1.6495900000000001,0.0,1.0
maze_moe,tetris_only,intermediate_prefix_iou,3,0.43641903599103293,0.3321409790472894,-0.38873148880594377,1.2615695607880095,0.0,1.0
maze_moe,tetris_only,missed_path_activation_rate,3,0.3384901097913583,0.22285016047945969,-0.21514505861866667,0.8921252782013831,0.0,0.8921252782013831
maze_moe,tetris_only,monotonicity_violation_rate,3,0.004559578474145383,0.0022750038030481387,-0.0010923003978471502,0.010211457346137915,0.0,0.010211457346137915
maze_moe,tetris_only,obstacle_violation_rate,3,1.1142364043431977e-05,9.650940303135391e-06,-1.2833835697891243e-05,3.51185637847552e-05,0.0,3.51185637847552e-05
maze_moe,tetris_only,off_path_activation_rate_at_0_1,3,0.11063104038437208,0.060076217194962665,-0.038618601404582495,0.2598806821733266,0.0,0.2598806821733266
maze_moe,tetris_only,path_precision,3,0.7537449789047241,0.18866425829730107,0.28503915347182707,1.2224508043376212,0.28503915347182707,1.0
maze_moe,tetris_only,path_recall,3,0.6600606258710225,0.2239952558137589,0.10358065336982569,1.2165405983722195,0.10358065336982569,1.0
maze_moe,tetris_only,premature_activation_rate,3,0.17488226473331453,0.0401954202864742,0.07502324631602683,0.2747412831506022,0.07502324631602683,0.2747412831506022
maze_moe,tetris_only,router_entropy,3,0.0,0.0,0.0,0.0,0.0,0.0
maze_moe,tetris_only,router_tetris_weight,3,1.0,0.0,1.0,1.0,1.0,1.0
maze_moe,tetris_only,router_tetris_weight_on_path,3,1.0,0.0,1.0,1.0,1.0,1.0
maze_moe,tetris_only,router_tetris_weight_on_walls,3,1.0,0.0,1.0,1.0,1.0,1.0
maze_moe,tetris_only,trajectory_mse,3,0.05499303640176853,0.03645884116227083,-0.03558305572883874,0.1455691285323758,0.0,0.1455691285323758
maze_moe,uniform,activation_time_mae_normalized,3,0.06915910522143046,0.0032732098432030126,0.06102734494410242,0.07729086549875852,0.06102734494410242,0.07729086549875852
maze_moe,uniform,endpoint_iou,3,0.9771191533406576,0.00877336235755586,0.9553231540203192,0.998915152660996,0.9553231540203192,0.998915152660996
maze_moe,uniform,endpoint_mse,3,0.005836882209405303,0.0021905384985997827,0.00039484372053145284,0.011278920698279153,0.00039484372053145284,0.011278920698279153
maze_moe,uniform,future_path_activation_rate_at_0_1,3,0.3921379637718201,0.04493401962251513,0.2805066619700721,0.503769265573568,0.2805066619700721,0.503769265573568
maze_moe,uniform,future_path_activation_rate_at_0_5,3,0.15410218278566998,0.023057474254571945,0.09681961850761395,0.211384747063726,0.09681961850761395,0.211384747063726
maze_moe,uniform,future_path_mean_intensity,3,0.1850346440076828,0.02353951791096397,0.12655452025597236,0.24351476775939324,0.12655452025597236,0.24351476775939324
maze_moe,uniform,goal_reached,3,0.9991666666666666,0.0014433756729740337,0.9955808333333334,1.0027525,0.9955808333333334,1.0
maze_moe,uniform,intermediate_prefix_iou,3,0.8359164730707804,0.006900339527206775,0.8187736959329395,0.8530592502086214,0.8187736959329395,0.8530592502086214
maze_moe,uniform,missed_path_activation_rate,3,0.00889248996352156,0.005817609963759848,-0.005560420750567379,0.023345400677610498,0.0,0.023345400677610498
maze_moe,uniform,monotonicity_violation_rate,3,0.0011278929566712274,0.0005074731173101593,-0.000132841898359161,0.0023886278117016156,0.0,0.0023886278117016156
maze_moe,uniform,obstacle_violation_rate,3,0.0,0.0,0.0,0.0,0.0,0.0
maze_moe,uniform,off_path_activation_rate_at_0_1,3,0.016188301183283328,0.003297554248354179,0.007996061170079342,0.024380541196487315,0.007996061170079342,0.024380541196487315
maze_moe,uniform,path_precision,3,0.9857872883478801,0.003555583128004017,0.9769540173301111,0.9946205593656489,0.9769540173301111,0.9946205593656489
maze_moe,uniform,path_recall,3,0.9909438435236613,0.005822455065306633,0.9764788959386764,1.005408791108646,0.9764788959386764,1.0
maze_moe,uniform,premature_activation_rate,3,0.33491002321243285,0.041281217301867866,0.23235351778331967,0.437466528641546,0.23235351778331967,0.437466528641546
maze_moe,uniform,router_entropy,3,0.6931473731994628,0.0,0.6931473731994627,0.6931473731994627,0.6931473731994627,0.6931471805599453
maze_moe,uniform,router_tetris_weight,3,0.5,0.0,0.5,0.5,0.5,0.5
maze_moe,uniform,router_tetris_weight_on_path,3,0.5,0.0,0.5,0.5,0.5,0.5
maze_moe,uniform,router_tetris_weight_on_walls,3,0.5,0.0,0.5,0.5,0.5,0.5
maze_moe,uniform,trajectory_mse,3,0.009650109310944876,0.0012249913549925195,0.006606816482871645,0.012693402139018107,0.006606816482871645,0.012693402139018107
